{
    "origin" : [-21.88173080966617, -47.90392752740328, 3011.81],
    "steps" : [
        {
            "stepType" : "ROUTE",
            "mode" : "FLY",
            "waypointColor" : [1.0, 1.0, 0.0, 0.1],
            "waypointSize" : 10.0,
            "waypoints" : [
                [0.00, 0.00, 200.00],
                [3.08, 78.46, 200.00],
                [12.31, 156.43, 200.00],
                [27.63, 233.45, 200.00],
                [48.94, 309.02, 200.00],
                [76.12, 382.68, 200.00],
                [108.99, 453.99, 200.00],
                [147.36, 522.50, 200.00],
                [190.98, 587.79, 200.00],
                [239.59, 649.45, 200.00],
                [292.89, 707.11, 200.00],
                [350.55, 760.41, 200.00],
                [412.21, 809.02, 200.00],
                [477.50, 852.64, 200.00],
                [546.01, 891.01, 200.00],
                [617.32, 923.88, 200.00],
                [690.98, 951.06, 200.00],
                [766.55, 972.37, 200.00],
                [843.57, 987.69, 200.00],
                [921.54, 996.92, 200.00],
                [1000.00, 1000.00, 200.00],
                [1078.46, 996.92, 200.00],
                [1156.43, 987.69, 200.00],
                [1233.45, 972.37, 200.00],
                [1309.02, 951.06, 200.00],
                [1382.68, 923.88, 200.00],
                [1453.99, 891.01, 200.00],
                [1522.50, 852.64, 200.00],
                [1587.79, 809.02, 200.00],
                [1649.45, 760.41, 200.00],
                [1707.11, 707.11, 200.00],
                [1760.41, 649.45, 200.00],
                [1809.02, 587.79, 200.00],
                [1852.64, 522.50, 200.00],
                [1891.01, 453.99, 200.00],
                [1923.88, 382.68, 200.00],
                [1951.06, 309.02, 200.00],
                [1972.37, 233.45, 200.00],
                [1987.69, 156.43, 200.00],
                [1996.92, 78.46, 200.00],
                [2000.00, 0.00, 200.00],
                [1996.92, -78.46, 200.00],
                [1987.69, -156.43, 200.00],
                [1972.37, -233.45, 200.00],
                [1951.06, -309.02, 200.00],
                [1923.88, -382.68, 200.00],
                [1891.01, -453.99, 200.00],
                [1852.64, -522.50, 200.00],
                [1809.02, -587.79, 200.00],
                [1760.41, -649.45, 200.00],
                [1707.11, -707.11, 200.00],
                [1649.45, -760.41, 200.00],
                [1587.79, -809.02, 200.00],
                [1522.50, -852.64, 200.00],
                [1453.99, -891.01, 200.00],
                [1382.68, -923.88, 200.00],
                [1309.02, -951.06, 200.00],
                [1233.45, -972.37, 200.00],
                [1156.43, -987.69, 200.00],
                [1078.46, -996.92, 200.00],
                [1000.00, -1000.00, 200.00],
                [921.54, -996.92, 200.00],
                [843.57, -987.69, 200.00],
                [766.55, -972.37, 200.00],
                [690.98, -951.06, 200.00],
                [617.32, -923.88, 200.00],
                [546.01, -891.01, 200.00],
                [477.50, -852.64, 200.00],
                [412.21, -809.02, 200.00],
                [350.55, -760.41, 200.00],
                [292.89, -707.11, 200.00],
                [239.59, -649.45, 200.00],
                [190.98, -587.79, 200.00],
                [147.36, -522.50, 200.00],
                [108.99, -453.99, 200.00],
                [76.12, -382.68, 200.00],
                [48.94, -309.02, 200.00],
                [27.63, -233.45, 200.00],
                [12.31, -156.43, 200.00],
                [3.08, -78.46, 200.00],
                [0.00, -0.00, 200.00]
            ]
        },
        {
            "stepType" : "COMMAND",
            "commandType" : "GENERIC",
            "command" : "STOP"
        }
    ]
}
