{
    "origin" : [-21.88173080966617, -47.90392752740328, 3011.81],
    "steps" : [
        {
            "stepType" : "ROUTE",
            "mode" : "FLY",
            "waypointColor" : [1.0, 1.0, 0.0, 0.1],
            "waypointSize" : 10.0,
            "waypoints" : [
                [0.00, 0.00, 200.00],
                [0.19, 19.63, 200.00],
                [0.77, 39.26, 200.00],
                [1.73, 58.87, 200.00],
                [3.08, 78.46, 200.00],
                [4.82, 98.02, 200.00],
                [6.93, 117.54, 200.00],
                [9.43, 137.01, 200.00],
                [12.31, 156.43, 200.00],
                [15.57, 175.80, 200.00],
                [19.21, 195.09, 200.00],
                [23.23, 214.31, 200.00],
                [27.63, 233.45, 200.00],
                [32.40, 252.49, 200.00],
                [37.54, 271.44, 200.00],
                [43.06, 290.28, 200.00],
                [48.94, 309.02, 200.00],
                [55.19, 327.63, 200.00],
                [61.81, 346.12, 200.00],
                [68.79, 364.47, 200.00],
                [76.12, 382.68, 200.00],
                [83.81, 400.75, 200.00],
                [91.86, 418.66, 200.00],
                [100.25, 436.41, 200.00],
                [108.99, 453.99, 200.00],
                [118.08, 471.40, 200.00],
                [127.50, 488.62, 200.00],
                [137.27, 505.66, 200.00],
                [147.36, 522.50, 200.00],
                [157.78, 539.14, 200.00],
                [168.53, 555.57, 200.00],
                [179.60, 571.79, 200.00],
                [190.98, 587.79, 200.00],
                [202.68, 603.56, 200.00],
                [214.68, 619.09, 200.00],
                [226.99, 634.39, 200.00],
                [239.59, 649.45, 200.00],
                [252.49, 664.25, 200.00],
                [265.68, 678.80, 200.00],
                [279.15, 693.09, 200.00],
                [292.89, 707.11, 200.00],
                [306.91, 720.85, 200.00],
                [321.20, 734.32, 200.00],
                [335.75, 747.51, 200.00],
                [350.55, 760.41, 200.00],
                [365.61, 773.01, 200.00],
                [380.91, 785.32, 200.00],
                [396.44, 797.32, 200.00],
                [412.21, 809.02, 200.00],
                [428.21, 820.40, 200.00],
                [444.43, 831.47, 200.00],
                [460.86, 842.22, 200.00],
                [477.50, 852.64, 200.00],
                [494.34, 862.73, 200.00],
                [511.38, 872.50, 200.00],
                [528.60, 881.92, 200.00],
                [546.01, 891.01, 200.00],
                [563.59, 899.75, 200.00],
                [581.34, 908.14, 200.00],
                [599.25, 916.19, 200.00],
                [617.32, 923.88, 200.00],
                [635.53, 931.21, 200.00],
                [653.88, 938.19, 200.00],
                [672.37, 944.81, 200.00],
                [690.98, 951.06, 200.00],
                [709.72, 956.94, 200.00],
                [728.56, 962.46, 200.00],
                [747.51, 967.60, 200.00],
                [766.55, 972.37, 200.00],
                [785.69, 976.77, 200.00],
                [804.91, 980.79, 200.00],
                [824.20, 984.43, 200.00],
                [843.57, 987.69, 200.00],
                [862.99, 990.57, 200.00],
                [882.46, 993.07, 200.00],
                [901.98, 995.18, 200.00],
                [921.54, 996.92, 200.00],
                [941.13, 998.27, 200.00],
                [960.74, 999.23, 200.00],
                [980.37, 999.81, 200.00],
                [1000.00, 1000.00, 200.00],
                [1019.63, 999.81, 200.00],
                [1039.26, 999.23, 200.00],
                [1058.87, 998.27, 200.00],
                [1078.46, 996.92, 200.00],
                [1098.02, 995.18, 200.00],
                [1117.54, 993.07, 200.00],
                [1137.01, 990.57, 200.00],
                [1156.43, 987.69, 200.00],
                [1175.80, 984.43, 200.00],
                [1195.09, 980.79, 200.00],
                [1214.31, 976.77, 200.00],
                [1233.45, 972.37, 200.00],
                [1252.49, 967.60, 200.00],
                [1271.44, 962.46, 200.00],
                [1290.28, 956.94, 200.00],
                [1309.02, 951.06, 200.00],
                [1327.63, 944.81, 200.00],
                [1346.12, 938.19, 200.00],
                [1364.47, 931.21, 200.00],
                [1382.68, 923.88, 200.00],
                [1400.75, 916.19, 200.00],
                [1418.66, 908.14, 200.00],
                [1436.41, 899.75, 200.00],
                [1453.99, 891.01, 200.00],
                [1471.40, 881.92, 200.00],
                [1488.62, 872.50, 200.00],
                [1505.66, 862.73, 200.00],
                [1522.50, 852.64, 200.00],
                [1539.14, 842.22, 200.00],
                [1555.57, 831.47, 200.00],
                [1571.79, 820.40, 200.00],
                [1587.79, 809.02, 200.00],
                [1603.56, 797.32, 200.00],
                [1619.09, 785.32, 200.00],
                [1634.39, 773.01, 200.00],
                [1649.45, 760.41, 200.00],
                [1664.25, 747.51, 200.00],
                [1678.80, 734.32, 200.00],
                [1693.09, 720.85, 200.00],
                [1707.11, 707.11, 200.00],
                [1720.85, 693.09, 200.00],
                [1734.32, 678.80, 200.00],
                [1747.51, 664.25, 200.00],
                [1760.41, 649.45, 200.00],
                [1773.01, 634.39, 200.00],
                [1785.32, 619.09, 200.00],
                [1797.32, 603.56, 200.00],
                [1809.02, 587.79, 200.00],
                [1820.40, 571.79, 200.00],
                [1831.47, 555.57, 200.00],
                [1842.22, 539.14, 200.00],
                [1852.64, 522.50, 200.00],
                [1862.73, 505.66, 200.00],
                [1872.50, 488.62, 200.00],
                [1881.92, 471.40, 200.00],
                [1891.01, 453.99, 200.00],
                [1899.75, 436.41, 200.00],
                [1908.14, 418.66, 200.00],
                [1916.19, 400.75, 200.00],
                [1923.88, 382.68, 200.00],
                [1931.21, 364.47, 200.00],
                [1938.19, 346.12, 200.00],
                [1944.81, 327.63, 200.00],
                [1951.06, 309.02, 200.00],
                [1956.94, 290.28, 200.00],
                [1962.46, 271.44, 200.00],
                [1967.60, 252.49, 200.00],
                [1972.37, 233.45, 200.00],
                [1976.77, 214.31, 200.00],
                [1980.79, 195.09, 200.00],
                [1984.43, 175.80, 200.00],
                [1987.69, 156.43, 200.00],
                [1990.57, 137.01, 200.00],
                [1993.07, 117.54, 200.00],
                [1995.18, 98.02, 200.00],
                [1996.92, 78.46, 200.00],
                [1998.27, 58.87, 200.00],
                [1999.23, 39.26, 200.00],
                [1999.81, 19.63, 200.00],
                [2000.00, 0.00, 200.00],
                [1999.81, -19.63, 200.00],
                [1999.23, -39.26, 200.00],
                [1998.27, -58.87, 200.00],
                [1996.92, -78.46, 200.00],
                [1995.18, -98.02, 200.00],
                [1993.07, -117.54, 200.00],
                [1990.57, -137.01, 200.00],
                [1987.69, -156.43, 200.00],
                [1984.43, -175.80, 200.00],
                [1980.79, -195.09, 200.00],
                [1976.77, -214.31, 200.00],
                [1972.37, -233.45, 200.00],
                [1967.60, -252.49, 200.00],
                [1962.46, -271.44, 200.00],
                [1956.94, -290.28, 200.00],
                [1951.06, -309.02, 200.00],
                [1944.81, -327.63, 200.00],
                [1938.19, -346.12, 200.00],
                [1931.21, -364.47, 200.00],
                [1923.88, -382.68, 200.00],
                [1916.19, -400.75, 200.00],
