{
    "origin" : [-21.88173080966617, -47.90392752740328, 3011.81],
    "steps" : [
        {
            "stepType" : "ROUTE",
            "mode" : "FLY",
            "waypointColor" : [1.0, 1.0, 0.0, 0.1],
            "waypointSize" : 10.0,
            "waypoints" : [
                [0.00, 0.00, 116.00],
                [50.00, 1576.54, 116.00],
                [-75.71, 4646.85, 116.00],                
                [-106.96, 4915.60, 116.00],
                [-188.66, 5137.48, 116.00],
                [-305.18, 5328.10, 116.00],
                [-452.94, 5489.71, 116.00],
                [-616.34, 5637.92, 116.00],
                [-779.73, 5786.14, 116.00],
                [-943.12, 5939.41, 116.00],
                [-1090.89, 6113.35, 116.00],
                [-1207.41, 6318.54, 116.00],
                [-1292.68, 6554.98, 116.00],
                [-1346.69, 6822.67, 116.00],
                [-1369.46, 7105.99, 116.00],
                [-1374.43, 7389.30, 116.00],
                [-1377.24, 7672.62, 116.00],
                [-1380.04, 7955.94, 116.00],
                [-1382.84, 8239.25, 116.00],
                [-1385.65, 8522.57, 116.00],
                [-1388.45, 8805.88, 116.00],
                [-1391.25, 9089.20, 116.00],
                [-1394.06, 9372.52, 116.00],                
                [-1334.36, 9671.45, 116.00],
                [-1155.07, 9986.00, 116.00],
                [-871.81, 10284.92, 116.00],
                [-510.43, 10543.35, 116.00],
                [-86.55, 10745.67, 116.00],
                [384.20, 10869.86, 116.00],
                [886.21, 10884.68, 116.00],
                [1403.84, 10774.49, 116.00],
                [1921.47, 10523.68, 116.00],
                [2439.10, 10131.88, 116.00],
                [2956.73, 9630.33, 116.00],
                [3484.34, 9066.28, 116.00],
                [4037.54, 8486.61, 116.00],
                [4637.31, 7938.18, 116.00],
                [5283.67, 7467.88, 116.00],
                [5961.27, 7096.55, 116.00],
                [6654.50, 6839.82, 116.00],
                [7337.13, 6708.08, 116.00],
                [8009.16, 6670.10, 116.00],
                [8681.20, 6678.99, 116.00],
                [9349.93, 6656.62, 116.00],
                [9999.76, 6540.49, 116.00],
                [10618.34, 6330.62, 116.00],
                [11190.04, 6036.30, 116.00],
                [11699.25, 5673.16, 116.00],
                [12130.33, 5247.53, 116.00],
                [12467.66, 4759.39, 116.00],
                [12695.62, 4222.06, 116.00],
                [12798.57, 3651.16, 116.00],
                [12776.53, 3049.01, 116.00],
                [12629.48, 2415.61, 116.00],
                [12361.51, 1750.96, 116.00],
                [11988.24, 1069.68, 116.00],
                [11521.22, 387.40, 116.00],
                [10976.08, -294.88, 116.00],
                [10368.44, -977.16, 116.00],
                [9713.92, -1659.45, 116.00],
                [9028.15, -2341.73, 116.00],
                [8311.13, -3024.01, 116.00],
                [7578.48, -3706.29, 116.00],
                [6910.72, -4158.59, 116.00],
                [6354.68, -4193.40, 116.00],
                [5888.79, -3900.08, 116.00],
                [5481.80, -3372.38, 116.00],
                [5090.42, -2688.44, 116.00],
                [4683.43, -1926.37, 116.00],
                [4229.56, -1165.06, 116.00],
                [3697.56, -482.65, 116.00],
                [3071.82, 59.14, 116.00],
                [2367.94, 444.67, 116.00],
                [1616.01, 689.59, 116.00],
                [831.63, 809.50, 116.00],
                [31.63, 820.04, 116.00],
                [-768.37, 736.82, 116.00],
                [-1568.37, 559.86, 116.00],
                [-2368.37, 304.77, 116.00],
                [-3168.37, -12.81, 116.00],
                [-3968.37, -377.28, 116.00],
                [-4768.37, -772.99, 116.00],
                [-5568.37, -1184.33, 116.00],
                [-6259.00, -1595.63, 116.00],
                [-6730.87, -2006.93, 116.00],
                [-6999.62, -2418.23, 116.00],
                [-7087.96, -2825.27, 116.00],
                [-7011.52, -3212.42, 116.00],
                [-6794.45, -3568.33, 116.00],
                [-6452.38, -3892.98, 116.00],
                [-6000.94, -4186.39, 116.00],
                [-5471.37, -4432.92, 116.00],
                [-4879.31, -4616.95, 116.00],
                [-4240.36, -4738.48, 116.00],
                [-3585.80, -4797.50, 116.00],
                [-2931.23, -4794.03, 116.00],
                [-2292.28, -4712.44, 116.00],
                [-1698.52, -4537.09, 116.00],
                [-1165.55, -4268.00, 116.00],
                [-710.71, -3905.15, 116.00],
                [-365.25, -3432.93, 116.00],
                [-145.49, -2835.71, 116.00],
                [-67.21, -2105.85, 116.00],
                [0.00, 0.00, 116.00],
                [25.00, 788.27, 116.00],
                [50.00, 1576.54, 116.00]
            ]
        },
        {
            "stepType" : "COMMAND",
            "commandType" : "GENERIC",
            "command" : "STOP"
        }
    ]
}
