{
    "origin" : [-21.88173080966617, -47.90392752740328, 3011.81],
    "steps" : [
        {
            "stepType" : "ROUTE",
            "mode" : "FLY",
            "waypointColor" : [1.0, 1.0, 0.0, 0.1],
            "waypointSize" : 10.0,
            "waypoints" : [
                [0.00, 0.00, 200.00],
                [0.77, 39.26, 200.00],
                [3.08, 78.46, 200.00],
                [6.93, 117.54, 200.00],
                [12.31, 156.43, 200.00],
                [19.21, 195.09, 200.00],
                [27.63, 233.45, 200.00],
                [37.54, 271.44, 200.00],
                [48.94, 309.02, 200.00],
                [61.81, 346.12, 200.00],
                [76.12, 382.68, 200.00],
                [91.86, 418.66, 200.00],
                [108.99, 453.99, 200.00],
                [127.50, 488.62, 200.00],
                [147.36, 522.50, 200.00],
                [168.53, 555.57, 200.00],
                [190.98, 587.79, 200.00],
                [214.68, 619.09, 200.00],
                [239.59, 649.45, 200.00],
                [265.68, 678.80, 200.00],
                [292.89, 707.11, 200.00],
                [321.20, 734.32, 200.00],
                [350.55, 760.41, 200.00],
                [380.91, 785.32, 200.00],
                [412.21, 809.02, 200.00],
                [444.43, 831.47, 200.00],
                [477.50, 852.64, 200.00],
                [511.38, 872.50, 200.00],
                [546.01, 891.01, 200.00],
                [581.34, 908.14, 200.00],
                [617.32, 923.88, 200.00],
                [653.88, 938.19, 200.00],
                [690.98, 951.06, 200.00],
                [728.56, 962.46, 200.00],
                [766.55, 972.37, 200.00],
                [804.91, 980.79, 200.00],
                [843.57, 987.69, 200.00],
                [882.46, 993.07, 200.00],
                [921.54, 996.92, 200.00],
                [960.74, 999.23, 200.00],
                [1000.00, 1000.00, 200.00],
                [1039.26, 999.23, 200.00],
                [1078.46, 996.92, 200.00],
                [1117.54, 993.07, 200.00],
                [1156.43, 987.69, 200.00],
                [1195.09, 980.79, 200.00],
                [1233.45, 972.37, 200.00],
                [1271.44, 962.46, 200.00],
                [1309.02, 951.06, 200.00],
                [1346.12, 938.19, 200.00],
                [1382.68, 923.88, 200.00],
                [1418.66, 908.14, 200.00],
                [1453.99, 891.01, 200.00],
                [1488.62, 872.50, 200.00],
                [1522.50, 852.64, 200.00],
                [1555.57, 831.47, 200.00],
                [1587.79, 809.02, 200.00],
                [1619.09, 785.32, 200.00],
                [1649.45, 760.41, 200.00],
                [1678.80, 734.32, 200.00],
                [1707.11, 707.11, 200.00],
                [1734.32, 678.80, 200.00],
                [1760.41, 649.45, 200.00],
                [1785.32, 619.09, 200.00],
                [1809.02, 587.79, 200.00],
                [1831.47, 555.57, 200.00],
                [1852.64, 522.50, 200.00],
                [1872.50, 488.62, 200.00],
                [1891.01, 453.99, 200.00],
                [1908.14, 418.66, 200.00],
                [1923.88, 382.68, 200.00],
                [1938.19, 346.12, 200.00],
                [1951.06, 309.02, 200.00],
                [1962.46, 271.44, 200.00],
                [1972.37, 233.45, 200.00],
                [1980.79, 195.09, 200.00],
                [1987.69, 156.43, 200.00],
                [1993.07, 117.54, 200.00],
                [1996.92, 78.46, 200.00],
                [1999.23, 39.26, 200.00],
                [2000.00, 0.00, 200.00],
                [1999.23, -39.26, 200.00],
                [1996.92, -78.46, 200.00],
                [1993.07, -117.54, 200.00],
                [1987.69, -156.43, 200.00],
                [1980.79, -195.09, 200.00],
                [1972.37, -233.45, 200.00],
                [1962.46, -271.44, 200.00],
                [1951.06, -309.02, 200.00],
                [1938.19, -346.12, 200.00],
                [1923.88, -382.68, 200.00],
                [1908.14, -418.66, 200.00],
                [1891.01, -453.99, 200.00],
                [1872.50, -488.62, 200.00],
                [1852.64, -522.50, 200.00],
                [1831.47, -555.57, 200.00],
                [1809.02, -587.79, 200.00],
                [1785.32, -619.09, 200.00],
                [1760.41, -649.45, 200.00],
                [1734.32, -678.80, 200.00],
                [1707.11, -707.11, 200.00],
                [1678.80, -734.32, 200.00],
                [1649.45, -760.41, 200.00],
                [1619.09, -785.32, 200.00],
                [1587.79, -809.02, 200.00],
                [1555.57, -831.47, 200.00],
                [1522.50, -852.64, 200.00],
                [1488.62, -872.50, 200.00],
                [1453.99, -891.01, 200.00],
                [1418.66, -908.14, 200.00],
                [1382.68, -923.88, 200.00],
                [1346.12, -938.19, 200.00],
                [1309.02, -951.06, 200.00],
                [1271.44, -962.46, 200.00],
                [1233.45, -972.37, 200.00],
                [1195.09, -980.79, 200.00],
                [1156.43, -987.69, 200.00],
                [1117.54, -993.07, 200.00],
                [1078.46, -996.92, 200.00],
                [1039.26, -999.23, 200.00],
                [1000.00, -1000.00, 200.00],
                [960.74, -999.23, 200.00],
                [921.54, -996.92, 200.00],
                [882.46, -993.07, 200.00],
                [843.57, -987.69, 200.00],
                [804.91, -980.79, 200.00],
                [766.55, -972.37, 200.00],
                [728.56, -962.46, 200.00],
                [690.98, -951.06, 200.00],
                [653.88, -938.19, 200.00],
                [617.32, -923.88, 200.00],
                [581.34, -908.14, 200.00],
                [546.01, -891.01, 200.00],
                [511.38, -872.50, 200.00],
                [477.50, -852.64, 200.00],
                [444.43, -831.47, 200.00],
                [412.21, -809.02, 200.00],
                [380.91, -785.32, 200.00],
                [350.55, -760.41, 200.00],
                [321.20, -734.32, 200.00],
                [292.89, -707.11, 200.00],
                [265.68, -678.80, 200.00],
                [239.59, -649.45, 200.00],
                [214.68, -619.09, 200.00],
                [190.98, -587.79, 200.00],
                [168.53, -555.57, 200.00],
                [147.36, -522.50, 200.00],
                [127.50, -488.62, 200.00],
                [108.99, -453.99, 200.00],
                [91.86, -418.66, 200.00],
                [76.12, -382.68, 200.00],
                [61.81, -346.12, 200.00],
                [48.94, -309.02, 200.00],
                [37.54, -271.44, 200.00],
                [27.63, -233.45, 200.00],
                [19.21, -195.09, 200.00],
                [12.31, -156.43, 200.00],
                [6.93, -117.54, 200.00],
                [3.08, -78.46, 200.00],
                [0.77, -39.26, 200.00],
                [0.00, -0.00, 200.00]
            ]
        },
        {
            "stepType" : "COMMAND",
            "commandType" : "GENERIC",
            "command" : "STOP"
        }
    ]
}
